{"camera_matrix": [[1130.8599026480733, 0.0, 960.2852964175144], [0.0, 1130.8599026480733, 553.8637255648866], [0.0, 0.0, 1.0]], "dist_coeff": [[13.482020655771441], [25.00195142910462], [-0.0006418192636559762], [0.0008971319645286557], [3.4063243234064835], [13.300475763185549], [22.544938145734275], [7.591970541915819], [0.0], [0.0], [0.0], [0.0], [0.0], [0.0]], "ret": 0.40255924195259135}