{"camera_matrix": [[1140.2872758646508, 0.0, 957.1999573073109], [0.0, 1140.2872758646508, 555.4897793153447], [0.0, 0.0, 1.0]], "dist_coeff": [[8.654099292766496], [19.137231286717814], [-2.0895803540202644e-05], [0.0011832170621891062], [-1.6254818568919673], [8.471938788717283], [17.637379492466376], [1.1108578288490418], [0.0], [0.0], [0.0], [0.0], [0.0], [0.0]], "ret": 0.44898854601279825}